{"axis_u": [1.0, 0.0, 0.0], "axis_v": [0.0, 1.0, 0.0], "axis_w": [0.0, 0.0, 1.0], "reference_system": "cartesian", "_n": [256, 64, 96], "x0": [-57087.78345444477, -51967.76800207812, -35514.709795898234], "h": [[6934.54973269711, 5926.965583501802, 5065.78255000154, 4329.728675214991, 3700.6227993290518, 3162.9254695120094, 2703.355102147016, 2310.559916364971, 1974.8375353546755, 1687.8953293629702, 1442.6455806521112, 1233.0304108137702, 1053.872145994675, 900.7454239270727, 769.8678836983527, 658.0067382037201, 562.3989215416411, 480.6828389244795, 410.8400332687858, 351.1453275801588, 300.1242116069733, 256.5164201769002, 219.24480357000013, 187.3887210000001, 160.16130000000007, 136.89000000000004, 117.00000000000001, 100.0, 100.0, 100.0, 100.0, 100.0, 100.0, 100.0, 100.0, 100.0, 100.0, 100.0, 100.0, 100.0, 100.0, 100.0, 100.0, 100.0, 100.0, 100.0, 100.0, 100.0, 100.0, 100.0, 100.0, 100.0, 100.0, 100.0, 100.0, 100.0, 100.0, 100.0, 100.0, 100.0, 100.0, 100.0, 100.0, 100.0, 100.0, 100.0, 100.0, 100.0, 100.0, 100.0, 100.0, 100.0, 100.0, 100.0, 100.0, 100.0, 100.0, 100.0, 100.0, 100.0, 100.0, 100.0, 100.0, 100.0, 100.0, 100.0, 100.0, 100.0, 100.0, 100.0, 100.0, 100.0, 100.0, 100.0, 100.0, 100.0, 100.0, 100.0, 100.0, 100.0, 100.0, 100.0, 100.0, 100.0, 100.0, 100.0, 100.0, 100.0, 100.0, 100.0, 100.0, 100.0, 100.0, 100.0, 100.0, 100.0, 100.0, 100.0, 100.0, 100.0, 100.0, 100.0, 100.0, 100.0, 100.0, 100.0, 100.0, 100.0, 100.0, 100.0, 100.0, 100.0, 100.0, 100.0, 100.0, 100.0, 100.0, 100.0, 100.0, 100.0, 100.0, 100.0, 100.0, 100.0, 100.0, 100.0, 100.0, 100.0, 100.0, 100.0, 100.0, 100.0, 100.0, 100.0, 100.0, 100.0, 100.0, 100.0, 100.0, 100.0, 100.0, 100.0, 100.0, 100.0, 100.0, 100.0, 100.0, 100.0, 100.0, 100.0, 100.0, 100.0, 100.0, 100.0, 100.0, 100.0, 100.0, 100.0, 100.0, 100.0, 100.0, 100.0, 100.0, 100.0, 100.0, 100.0, 100.0, 100.0, 100.0, 100.0, 100.0, 100.0, 100.0, 100.0, 100.0, 100.0, 100.0, 100.0, 100.0, 100.0, 100.0, 100.0, 100.0, 100.0, 100.0, 100.0, 100.0, 100.0, 100.0, 100.0, 100.0, 100.0, 100.0, 100.0, 100.0, 100.0, 100.0, 100.0, 100.0, 100.0, 100.0, 100.0, 100.0, 100.0, 100.0, 100.0, 100.0, 100.0, 117.00000000000001, 136.89000000000004, 160.16130000000007, 187.3887210000001, 219.24480357000013, 256.5164201769002, 300.1242116069733, 351.1453275801588, 410.8400332687858, 480.6828389244795, 562.3989215416411, 658.0067382037201, 769.8678836983527, 900.7454239270727, 1053.872145994675, 1233.0304108137702, 1442.6455806521112, 1687.8953293629702, 1974.8375353546755, 2310.559916364971, 2703.355102147016, 3162.9254695120094, 3700.6227993290518, 4329.728675214991, 5065.78255000154, 5926.965583501802, 6934.54973269711, 8113.423187255618], [14623.87429433119, 10226.48552051132, 7151.3884758820395, 5000.970962155272, 3497.1824910176715, 2445.5821615508185, 1710.1973157698026, 1195.9421788600016, 836.3232020000008, 584.8414000000005, 408.9800000000002, 286.00000000000006, 200.0, 200.0, 200.0, 200.0, 200.0, 200.0, 200.0, 200.0, 200.0, 200.0, 200.0, 200.0, 200.0, 200.0, 200.0, 200.0, 200.0, 200.0, 200.0, 200.0, 200.0, 200.0, 200.0, 200.0, 200.0, 200.0, 200.0, 200.0, 200.0, 200.0, 200.0, 200.0, 200.0, 200.0, 200.0, 200.0, 200.0, 200.0, 200.0, 200.0, 286.00000000000006, 408.9800000000002, 584.8414000000005, 836.3232020000008, 1195.9421788600016, 1710.1973157698026, 2445.5821615508185, 3497.1824910176715, 5000.970962155272, 7151.3884758820395, 10226.48552051132, 14623.87429433119], [9622.66064385723, 6776.521580181146, 4772.198295902214, 3360.7030252832487, 2366.692271326231, 1666.6846981170636, 1173.721618392298, 826.5645199945759, 582.0876901370251, 409.92090854720067, 288.6766961600004, 203.2934480000002, 143.16440000000011, 100.82000000000005, 71.00000000000001, 50.0, 50.0, 50.0, 50.0, 50.0, 50.0, 50.0, 50.0, 50.0, 50.0, 50.0, 50.0, 50.0, 50.0, 50.0, 50.0, 50.0, 50.0, 50.0, 50.0, 50.0, 50.0, 50.0, 50.0, 50.0, 50.0, 50.0, 50.0, 50.0, 50.0, 50.0, 50.0, 50.0, 50.0, 50.0, 50.0, 50.0, 50.0, 50.0, 50.0, 50.0, 50.0, 50.0, 50.0, 50.0, 50.0, 50.0, 50.0, 50.0, 50.0, 50.0, 50.0, 50.0, 50.0, 50.0, 50.0, 50.0, 50.0, 50.0, 50.0, 50.0, 50.0, 50.0, 50.0, 71.00000000000001, 100.82000000000005, 143.16440000000011, 203.2934480000002, 288.6766961600004, 409.92090854720067, 582.0876901370251, 826.5645199945759, 1173.721618392298, 1666.6846981170636, 2366.692271326231, 3360.7030252832487, 4772.198295902214, 6776.521580181146, 9622.66064385723, 13664.17811427727, 19403.13292227373]], "__class__": "TensorMesh"}