{"axis_u": [1.0, 0.0, 0.0], "axis_v": [0.0, 1.0, 0.0], "axis_w": [0.0, 0.0, 1.0], "reference_system": "cartesian", "_n": [256, 80, 96], "origin": [-55722.49227851068, -51087.52253022244, -35514.709795898234], "h": [[8017.953205361364, 6626.4076077366635, 5476.369923749307, 4525.9255568176095, 3740.434344477362, 3091.268053287076, 2554.7669861876657, 2111.3776745352607, 1744.940226888645, 1442.0993610649955, 1191.8176537727234, 984.9732675807629, 814.0274938683991, 672.7499949325611, 555.9917313492239, 459.4972986357222, 379.7498335832414, 313.8428376721003, 259.3742460100002, 214.3588810000001, 177.1561000000001, 146.41000000000005, 121.00000000000001, 100.0, 100.0, 100.0, 100.0, 100.0, 100.0, 100.0, 100.0, 100.0, 100.0, 100.0, 100.0, 100.0, 100.0, 100.0, 100.0, 100.0, 100.0, 100.0, 100.0, 100.0, 100.0, 100.0, 100.0, 100.0, 100.0, 100.0, 100.0, 100.0, 100.0, 100.0, 100.0, 100.0, 100.0, 100.0, 100.0, 100.0, 100.0, 100.0, 100.0, 100.0, 100.0, 100.0, 100.0, 100.0, 100.0, 100.0, 100.0, 100.0, 100.0, 100.0, 100.0, 100.0, 100.0, 100.0, 100.0, 100.0, 100.0, 100.0, 100.0, 100.0, 100.0, 100.0, 100.0, 100.0, 100.0, 100.0, 100.0, 100.0, 100.0, 100.0, 100.0, 100.0, 100.0, 100.0, 100.0, 100.0, 100.0, 100.0, 100.0, 100.0, 100.0, 100.0, 100.0, 100.0, 100.0, 100.0, 100.0, 100.0, 100.0, 100.0, 100.0, 100.0, 100.0, 100.0, 100.0, 100.0, 100.0, 100.0, 50.0, 50.0, 25.0, 25.0, 25.0, 25.0, 25.0, 25.0, 25.0, 25.0, 50.0, 50.0, 100.0, 100.0, 100.0, 100.0, 100.0, 100.0, 100.0, 100.0, 100.0, 100.0, 100.0, 100.0, 100.0, 100.0, 100.0, 100.0, 100.0, 100.0, 100.0, 100.0, 100.0, 100.0, 100.0, 100.0, 100.0, 100.0, 100.0, 100.0, 100.0, 100.0, 100.0, 100.0, 100.0, 100.0, 100.0, 100.0, 100.0, 100.0, 100.0, 100.0, 100.0, 100.0, 100.0, 100.0, 100.0, 100.0, 100.0, 100.0, 100.0, 100.0, 100.0, 100.0, 100.0, 100.0, 100.0, 100.0, 100.0, 100.0, 100.0, 100.0, 100.0, 100.0, 100.0, 100.0, 100.0, 100.0, 100.0, 100.0, 100.0, 100.0, 100.0, 100.0, 100.0, 100.0, 100.0, 100.0, 100.0, 100.0, 100.0, 100.0, 100.0, 100.0, 100.0, 100.0, 100.0, 100.0, 100.0, 100.0, 100.0, 100.0, 100.0, 100.0, 100.0, 100.0, 100.0, 100.0, 100.0, 100.0, 100.0, 121.00000000000001, 146.41000000000005, 177.1561000000001, 214.3588810000001, 259.3742460100002, 313.8428376721003, 379.7498335832414, 459.4972986357222, 555.9917313492239, 672.7499949325611, 814.0274938683991, 984.9732675807629, 1191.8176537727234, 1442.0993610649955, 1744.940226888645, 2111.3776745352607, 2554.7669861876657, 3091.268053287076, 3740.434344477362, 4525.9255568176095, 5476.369923749307, 6626.4076077366635, 8017.953205361364], [13166.129392380102, 9540.673472739201, 6913.531501984928, 5009.8054362209605, 3630.293794363014, 2630.647677074647, 1906.266432662787, 1381.352487436802, 1000.9800633600012, 725.3478720000007, 525.6144000000004, 380.8800000000002, 276.00000000000006, 200.0, 200.0, 200.0, 200.0, 200.0, 200.0, 200.0, 200.0, 200.0, 200.0, 200.0, 200.0, 200.0, 200.0, 200.0, 200.0, 200.0, 200.0, 200.0, 25.0, 25.0, 25.0, 25.0, 25.0, 25.0, 25.0, 25.0, 25.0, 25.0, 25.0, 25.0, 25.0, 25.0, 25.0, 25.0, 200.0, 200.0, 200.0, 200.0, 200.0, 200.0, 200.0, 200.0, 200.0, 200.0, 200.0, 200.0, 200.0, 200.0, 200.0, 200.0, 200.0, 200.0, 200.0, 276.00000000000006, 380.8800000000002, 525.6144000000004, 725.3478720000007, 1000.9800633600012, 1381.352487436802, 1906.266432662787, 2630.647677074647, 3630.293794363014, 5009.8054362209605, 6913.531501984928, 9540.673472739201, 13166.129392380102], [9622.66064385723, 6776.521580181146, 4772.198295902214, 3360.7030252832487, 2366.692271326231, 1666.6846981170636, 1173.721618392298, 826.5645199945759, 582.0876901370251, 409.92090854720067, 288.6766961600004, 203.2934480000002, 143.16440000000011, 100.82000000000005, 71.00000000000001, 50.0, 50.0, 50.0, 50.0, 50.0, 50.0, 50.0, 50.0, 50.0, 50.0, 50.0, 50.0, 50.0, 50.0, 50.0, 50.0, 50.0, 50.0, 50.0, 50.0, 50.0, 50.0, 50.0, 50.0, 50.0, 50.0, 50.0, 50.0, 50.0, 50.0, 50.0, 50.0, 50.0, 50.0, 50.0, 50.0, 50.0, 50.0, 50.0, 50.0, 50.0, 50.0, 50.0, 50.0, 50.0, 50.0, 50.0, 50.0, 50.0, 50.0, 50.0, 50.0, 50.0, 50.0, 50.0, 50.0, 50.0, 50.0, 50.0, 50.0, 50.0, 50.0, 50.0, 50.0, 71.00000000000001, 100.82000000000005, 143.16440000000011, 203.2934480000002, 288.6766961600004, 409.92090854720067, 582.0876901370251, 826.5645199945759, 1173.721618392298, 1666.6846981170636, 2366.692271326231, 3360.7030252832487, 4772.198295902214, 6776.521580181146, 9622.66064385723, 13664.17811427727, 19403.13292227373]], "__class__": "TensorMesh"}